{
	"attack_boxes": [
		{
			"bind_animation": "a1",
			"bind_frames": [
				2,
				3
			],
			"box_id": "box_1784805361.32_729",
			"box_name": "a1",
			"frame_configs": {
				"2": {
					"pivot_offset": {
						"x": 0.0,
						"y": 0.0
					},
					"position": {
						"x": 79.2924118041992,
						"y": 0.0,
						"z": 83.7703704833984
					},
					"size": {
						"x": 197.565856933594,
						"y": 50.0,
						"z": 163.132934570313
					}
				},
				"3": {
					"pivot_offset": {
						"x": 0.0,
						"y": 0.0
					},
					"position": {
						"x": 99.0489883422852,
						"y": 0.0,
						"z": 86.8749694824219
					},
					"size": {
						"x": 211.113250732422,
						"y": 50.0,
						"z": 179.502716064453
					}
				}
			}
		},
		{
			"bind_animation": "a2",
			"bind_frames": [
				3,
				4
			],
			"box_id": "box_1784805481.737_933",
			"box_name": "a2",
			"frame_configs": {
				"3": {
					"pivot_offset": {
						"x": 0.0,
						"y": 0.0
					},
					"position": {
						"x": 15.0366077423096,
						"y": 0.0,
						"z": 70.5171813964844
					},
					"size": {
						"x": 314.026794433594,
						"y": 50.0,
						"z": 182.430908203125
					}
				},
				"4": {
					"pivot_offset": {
						"x": 0.0,
						"y": 0.0
					},
					"position": {
						"x": 5.14261054992676,
						"y": 0.0,
						"z": 70.5171813964844
					},
					"size": {
						"x": 294.238800048828,
						"y": 50.0,
						"z": 182.430908203125
					}
				}
			}
		},
		{
			"bind_animation": "a3",
			"bind_frames": [
				2,
				3,
				4
			],
			"box_id": "box_1784805579.52_596",
			"box_name": "a3",
			"frame_configs": {
				"2": {
					"pivot_offset": {
						"x": 0.0,
						"y": 0.0
					},
					"position": {
						"x": 55.8768882751465,
						"y": 0.0,
						"z": 69.2189788818359
					},
					"size": {
						"x": 549.0673828125,
						"y": 50.0,
						"z": 188.43798828125
					}
				},
				"3": {
					"pivot_offset": {
						"x": 0.0,
						"y": 0.0
					},
					"position": {
						"x": 55.8768882751465,
						"y": 0.0,
						"z": 69.2189788818359
					},
					"size": {
						"x": 549.0673828125,
						"y": 50.0,
						"z": 188.43798828125
					}
				},
				"4": {
					"pivot_offset": {
						"x": 0.0,
						"y": 0.0
					},
					"position": {
						"x": 55.8768882751465,
						"y": 0.0,
						"z": 69.2189788818359
					},
					"size": {
						"x": 549.0673828125,
						"y": 50.0,
						"z": 188.43798828125
					}
				}
			}
		}
	],
	"handle_size": 16.0
}